Name,Platform,Profession,Note
亚洲水娃三公主,小奶猫,live,
180 日本 倩倩,小奶猫,live,
阿曼達拍拍,FaceBook,,
Asia fox,Chaturbate,live,
Artgroovy,Chaturbate,live,
"Alley,贝拉Bella,錢昱慈",SWAG,,
AliceNANA,Douyu,,
"爱露露,bunnybunnylove",X,,
"北京天使,DensTinon",Chaturbate,,
Bora,Chaturbate,,
짱짱걸门把手,WinkTV,,
Chelsea,JVID,,
草莓熊,,live,
Chinhbaby,SWAG,,
"夏晴子,Candybaby","madou,SWAG",,
大二学妹,,live,
daddysgirl222,Chaturbate,live,
陈丝丝,,,
豆芽姐,,,
"东北颜值学生,炉果",小奶猫,,
"李韶姬,李熙,이소희,Lee So-hee-II,live E소희,kimtan1004,ssm1004,miso1239",WinkTV,live,miso1239->winktv
恶犬少女,,,
Ed Mosaic,OnlyFans,,
Fullfive,OnlyFans,,
"Funnyg,可可",SWAG,live,
古阿扎,,influencer,
狗头萝莉,,influencer,
顾欣怡,Xiuren,model,
"사슴이,deer",,live,
"王大炮,卯卯,卯哥,相声演员的自我修养,卯卯少女",少女镇,,
Laura Bragato,Playboy,,PLAYBOY->BROJ 270 - OŽUJAK 2020 laura bragato Croatia2020MARCH
上海师范大学2015级播音主持专业陈祎,,,
Lucy Lee,,pornstar,
Soolin Kelter,,pornstar,
张婉莹,,,
福建兄妹,,,
"月牙,性感电臀女王",半糖,live,
eemiim,OnlyFans,,
"mina0977,베베앙,bebe,jinjinzara302",OnlyFans,TS,
安吉,"SWAG,JVID",,
"TS酱酱,蓓蓓酱",,TS,
李晓雅,,amateur,中经贸学院
"特莱莎,@lyainevan",X,,
"凯西,CathyBBlove,cmbprod","X,Onlyfans",TS,
"Neat,진서,青草,kyl1012,mmdr2000->winktv,yh10122558->pandatv",WinkTV,,,
"提莫女孩,은소라,손예은,孙乐乐,孫樂樂,SonYe-Eun,klive19101403,rurupang->pandatv",PandaTV,live,rurupang->pandatv
韩老师,,live,
黄可,,,
Hidori Rose,,Coser,
"韩宝贝,double101->PandaTV",,live,
Indian Twins,OnlyFans,,
"金艺贞,live Subin,gggg90",,live,
江可爱,,amateur,
Jikey,,live,
"金荷娜,Kim Ha Neul,Hyena",,live,
"荷娜,정혜나,Hyena",,live,
Kylie-NG,PornHub,,
可笑的单纯,快手,,
林小夏,,,
Ladyyuan,SWAG,,
李凯莉,,,留学生
娜露,,model,
沈樵,,,
司雨,"糖心,X",,
水BIG悦,小妲己,,
"瑟妃,Seulbi,슬비",,live,
私人玩物,,,
苏小美波波妹,,,
少女枪械师,,,
Rae Lil Black,,pornstar,
铃木美咲,,,
软软趴在床单上,,,
清心,,live,
朴妮唛,,live,
"翁雨澄,Princessdolly",SWAG,,
"米布儿,mauymyb",OnlyFans,,
"米欧,miohot",SWAG,,
MOMO酱,,,
蜜桃臀女友nini,,live,
林雨馨,快手,influencer,
scok5,,live,
兔子先生,,,
TokyoDiary,OnlyFans,,
兔宝宝C,Mua,,
"谭晓彤,Elisetutu",OnlyFans,,
吴X晶,,,
王瑞儿,,model,
王动,,,
完具酱,,,
王绾绾,,,
吴清雅,,,
我是你可爱的小猫,,,
徐雅,,live,
小奶油,,,宇航员
星野优,,,
小妹,快手,,
小蔡头喵喵,,,
香草少女,,,
小仙云,,,
小水熙,,influencer,
原野小年,,,
柚子猫,,,
伊媚儿,,live,
月暖如梵音,,,
原味小辣椒,,,
瑶瑶小妖精,,live,
月亮爱神GOL,,,韩国美裔
"妖媚女王狐狸精,妲己专职勾引",,live,
一唯唯,,,
一小只萌宠,,,
亚洲电臀皇后,,,
幼齿酱,,,
知一妹妹,X,influencer,
周大萌,,model,
周波儿,,,
榨汁夏,,,
张美人,半糖,,
Obokozu,OnlyFans,,
米拉,,,
八月未央,,,
美瑶,,,
daisybaby,SWAG,,
vivibabe,SWAG,,
lovesisi,,,
秋名山乳神,半糖,live,
"찌옹,JJiong,wltn9818->winktv",WinkTV,live,
"사과,Apple,苹果",WinkTV,live,
"설희,SeolHui,sss0405,ss0519,s5874s,xxs2xxx",,live,
"율이,崔黛恩,黛恩娜,carpediem110392->winktv",WinkTV,live,
"홍리,honglis2->winktv",,live,
燕儿nier,快手,,
myagelia,SWAG,,
"น้องคุกกี้ กลุ่มลับน้องคุกกี้,cookiemon18",,,
"吴梦梦,monlingwu",SWAG,,
"서아,Seoa,live Dodo",,,
小丫狸,,,
02大胸妹,,,
"베이글쑤,Bagel Soo",,,
小仙云 - X,X,,
F奶水蜜桃,小奶猫,,
"朵妃,Gatitayan",OnlyFans,,
梦菲桐香,,,
抖娘,,,
辉夜姬,,,
"子子西,小露西西",,,
小凌兔,,,
kkimkkimmy,OnlyFans,,
林美惠子,OnlyFans,,
王心心,,,
小海媚,,live,
撕袜女神,,,
"二次元狂热少女,甜甜圈",,live,
豪乳miko,,live,
欣妹妹,快手,,
"南北北,葱姜蒜,西东东,真的好温柔",半糖,,
高抬腿女教官,,,
安安老师,糖心,,
"小简,一只可爱简",X,,
"伊南娜,余小c",,,
"沖田美鈴,Okita Misuzu",,,"FC2-559226,FC2-747522"
Arika joy,,,
Alisa Amore,,,
Chessie Rae,,,
Forest Nymph,,,
FirtsBornUnicorn,,,
harriet sugarcookie,,,
little reislin,,,
mini diva,,,
Miss Alice,,,
Diana Daniels,,,
Samantha Flair,,,
Katya Letova,,,
Marcelin Abadir,,,
Katie Thornton,,,
Lucie Wilde,,,
Lena Li,,,
Larkin Love,,,
Niley Hott,,,
Rita Akira,,,
Terri Lou,,,
軟妹搖搖樂,,,
"Lisa Okko,林雅儿",,,
吴丽娜,,,
"alswl100455->winktv,장미->model",,,
Marc Dorcel,,,
Fellatio Japan,,,
Sperm Mania,,,
Milkyth,OnlyFans,,
Yuu Sakura,OnlyFans,pornstar,
Nicole Doshi,OnlyFans,pornstar,
Pongkyubi,OnlyFans,,
pupu28,WinkTV,,
Mspuiyi,OnlyFans,influencer,
wldms4482,AfreecaTV,,
lineage282,WinkTV,,
nynykk,,,
ad1yn2,,live,
honglis2,WinkTV,live,
"妲熙,다희,韩国主播圆圆,탱글다희,lovable33->AfreecaTV",AfreecaTV,live,
Codi Vore,,pornstar,
"smoneyordie->onlyfans,Sky Bri",Onlyfans,pornstar,
Abby Opel,,,
Lily Lou,,pornstar,
XfuukaX,,live,
"chitarlight,กีต้า บาร์บี้->FB,kt19963->TikTok",,,
尤秘书,,,
声优小允,,,
芋喵喵,,,
玥儿,X,,
成都奶妈瓶儿,,,
小恩雅,网易CC,,
糯美子,,model,
"紫惜姐姐,00后超级凶,00后超级胸","小妲己,半糖",live,
王俪丁,,,
闫盼盼,,,
"Fantasy Factory,小丁",,,
"爱妃,Cherilyn",JVID,,
"YEWON,예원",,model,
冰漪,,model,
张维亚,,,
"nanacute,大啵啵,大波波,mbbong",半糖,live,
美娜酱,熊猫,,
陈小魔,快手,,
鱼鱼子,,,
小月超奶思,半糖,live,
软软小湿妹,,,
陈可心,,,
Nene Aizawa,,TS,
octokuro,OnlyFans,,
"钱宝宝,玉兔兔,安娜Anna",快手,,
Stepanie Kolman,OnlyFans,TS,
"Luna Rodriguez Montero,Luna Trap Luna RM",OnlyFans,TS,
lin002200,OnlyFans,TS,
Amira West,OnlyFans,,
艾小青,,model,
夏阿夏,,live,
megumi,,TS,
"kaede,水無楓",,TS,
Crystal Clark,,,
"奶油妹妹,小卓",,,
hungerlan,X,,
"Yeon Woo,연우",Moon Night Snap,model,
温柔苗,快手,,
萌白酱,,,
"穿云音,妙妙音",,,
小鹿酱,,,
Naimi奶咪,OnlyFans,,
小野马,,,
E小姐,,live,
minichu ,OnlyFans,,
faii orapun,,,
李蒽熙,,,
cherida,小奶猫,,
小包子,糖心,,
周周乖崽,快手,,
佳多饱,,,
longmaocouple,X,,
乃爱,抖音,,
车模Glna,半糖,,
"城星凜,星セリ,金城りせ",,TS,
"桃姫優子,君野ここ,Yuko Momohi",,TS,
roro软软,,,
奈汐酱,,,
panid69,OnlyFans,,
丫酱酱酱,,,
"陈若初,陈陈H杯,陈菲儿",,,
宋星星 - 快手,,,
张芸熙,,,
陈甜甜,,,
meikoui,OnlyFans,,
连欣,,,
小鹿乱撞,花椒,,
"以曼,英熙,在熙",快手,,
o11na,,live,
小乔,,TS,
"林风姬,kim3857->pandatv",,,
deepeggs,StripChat,,
"帕里斯,瑞瑞",,,
neinei,半糖,,
"5721004,오지림",,live,
闫凤娇,,,
土豆姐,推女郎,,
Korra Del Rio,,TS,
Jade Venus,,TS,
Izzy Wilde,,TS,
惠奈酱,,TS,
mintmoca3,,TS,
方筱甜,,TS,
黄檬萌,,TS,
"wkdus222,洛思",,live,
美七Mia,秀人,,
暴龙娜塔莎,,,
李智贤,,TS,
上海西西,,,
Sola酱,,,
MissA,91,,
在下小羊,,,
"声优小魅魔,小恶龙",,,
夏唯唯,,TS,
eeegon,,TS,
eun-a,,TS,
巨根思涵,,TS,
CDwant,,TS,
胆胆,易直播,,
莫菁,,,柳州
pimnalinn,OnlyFans,,
"小乐乐,masem",,TS,
yuumeilyn,OnlyFans,live,
兔兔,,,红白婚纱
夏安安,,,
nigella_pty,OnlyFans,,
ririca,,TS,
下面有根棒棒糖,,,
老虎菜,,,
"Carla Grace,香港欲女",,,
"希瑞,性感黛西,小崽崽",半糖,,
夏甜,,,健身
"熙熙baby,茜宝,西宝",半糖,,
田冰冰,,,
朴妮唛,,live,
草帽,Bigo Live,live,
刘安娜,,,留学生
奶油甜心,小奶猫,live,
陈洁莹,,,
马学萱,,,
"尹敏洙,kimjeewoo529",,,
babynookie,OnlyFans,,
yumi_03,OnlyFans,,
李天宜,,,留学生
deerlong,OnlyFans,,
bibianeruby,OnlyFans,,
kittyyumiko,OnlyFans,,
张恩琪,,TS,
Aump,,,
Aomamp Narak,,,
Fhm Aomam,,,
"Arisara Karbdecho,棒棒妹",,,
Ariana Grande,,,
Ashley Tervort,,,
Alesha Dixon,,,
Ashe Maree,,,
蔡妍,,,
"蔡卓宜,Joey Chua",,,
陈瑶,,,
长泽茉里奈,,,
菜菜绪,,,ENFD-5208
仓科加奈,,,
陈潇,,,
辰巳希娜,,,
池田依来沙,,,
春夏,,,
"崔雪华,최설화,ChoiSeolhwa",,,
"Chole,贝贝",,,
陈小纭,,,
陈雅婷,,,
Celine Farachchole,,,
Cherry Quahst,,,
陈静,,,
陈怡伶,,,
Cara Rose,,,
Dita Von Teese,,,
妲己Toxic,,,
Daiane Novais,,,
Emily Bloom,,,
"표은지,朴恩智",,,
Emily Ratajkowski,,,
樊玲,,,
"Faii Orapun,Pitta",,,The Black Alley
腐团,,,
冯溪,,,
"米娜,Minana",,,
高俊熙,,,
顾欣怡,,,
Gemma Louise,,,
桂纶镁,,,
国分佐智子,,,
高孝周,,,
高海宁,,,
"보미쇼,Bomi,GirlCrush",,,
郭奕芯,,,
"高銀星,고은별",,live,
黄乔韵,,,
Ha Neul,,,
桓淼淼,,,
黄歆宛,,,
黄可,,,
何七七,,,
侯佩岑,,,
黑木丽奈,,,
户松遥,,,
黑木明纱,,,
黃婷萱,,,
黒沢美怜,,,
姜星同,,,
简言,,,
姜仁卿,,,
姜敏京,,,
金宝拉,,,
"金慧恩,hyeno28->ins,KimHyeEun",,,
Jordan Carver,,,
金海燕,,,
Jessica Barton,,,
Jessie Verd,,,
京佳 Kyoka,,,
菅韧姿,,,
吉永小百合,,,
今田美樱,,,
姜泰莉,,,
李可可,,,
Kate Upton,,,
"可欣,Sandy Coco,蔡欣蓓",,,"动感之星ShowTimeDancer[动感小站]NO.108, Beautyleg 2011.05.13 No.059 Sandy"
Laci Kay Somers,,,
Leanna Decker,,,
Leona Mia,,,
Lavinia肉肉,,,
LENivaya Aya,,,
泷川雅美,,,
栗田惠美,,,
"林美惠子,miekoio->onlyfans",OnlyFans,,
柳侑绮,,,
林书亭Una,,,
丽莉Lily,,,
蓝燕,,,
李丽莎,,,
李凯诗,,,
柳岩,,,
李秋媛,,,
李莉莉,,,
刘庭羽,,,
李英恩,,,
黎梦恬,,,
李雅,,,
Leng Yein,,,
李一桐,,,
路晨,,,
李毓芬,,,
李秀彬,,,
林志玲,,,
刘丹萌,,,
李孝利,,,
陆瓷,,,
李燕花,,,
"林性美,임성미",,,
littlemouse_patchy,,,
李月仙,,,
炼乳,,,
"刘世菲,류세비",,,
毛林林,,,
Maggy,,,
孟衍竹,,,
梦楠,,,
木口亚矢,,,ENFD-5246
孟十朵,,,
猫九酱Sakura,,,
milky_hamasakiii,,,
萌琪琪,,,
"michiel,米希儿",,,
"Mspuiyi,萧佩儿",,,
"Miki Wu,吴美希,吴颜希->20E Girls",,,Beautyleg No.513
马露儿,,,
Narsha,,,
Nadja Auermann,,,
Nicole Scherzinger,,,
糯美子Mini,,,
"きょう肉肉,nikumikyo",,,
"NAGISA魔物喵,Nagesa小清",,,
Pat Napapa,,,
朴恩率,,,
朴草娥,,,
Pichana Yoosuk,,,
朴妮唛,,,
朴秀妍,,,
潘娇娇,,,
朴素恩,,,
Phasinee Boonrod,,,
潘春春,,,
"朴姬兰,박기량",,,
朴敏英,,,
邱淑贞,,,
浅川梨奈,,,
清水爱理,,,
全孝盛,,,
桥本环奈,,,
芹泽润,,,
全慧彬,,,
Reona,,,
Rocksy Light,,,
Rky Thitiworada,,,
瑞莎Trista,,,
谭靓,,,
蔡寅,,,
游娜,,,
常梦涵,,,好享购物
吴婷,,,东方购物
景丽,,,东方购物
上坂堇,,,
沈蜜桃,,,
Savanna Blade,,,
sibyl是女巫,,,
孙梦瑶,,,
松本若菜,,,
Sayafox,,,
Stella,,,
司灵,,,
沈可乐,,,
"宋珠儿,송주아,Song JooA",,,
宋芸桦,,,
松果儿,,,
宋多惠,,,
水原希子,,,
宋轶,,,
森下悠里,,,
杉原杏璃,,,
圣女天团,,,
Sophie Howard,,,
涂黎曼,,,
Thanyarat Charoenpornkittada,,,
天木纯,,,
田中理惠,,,
缇娜美,,,
Violet Summers,,,
王慕清,,,
王俪丁,,,
温心怡,,,
王一霏,,,
文咏珊,,,
王明明,,,
王瑞儿,,,
温峥嵘,,,
王洁曦,,,
王蕙心,,,
熊川纪信,,,
小水熙,,,
谢薇安,,,
欣杨,,,
星野亚希,,,
许路儿,,,
辛尤里,,,
雪碧,,,
夏美酱,,,
小泽真珠,,,
筱崎爱,,,
小岛藤子,,,
小岛阳菜,,,
小Z妹,,,
谢闻轩,,,
贤儿sherry,,,
夏茉GIGI,,,
"玄子,顾桥楠",,,
"徐瑞娜,SeoRina,서리나",,,
"辛赛伦,신새롬,ShinSaeRom",,,
徐雅,,,
易阳,,,
于姬,,,
egg尤妮丝,,,"[YouMi] 2018.10.18 Vol.225, [YouMi] 2018.08.16 Vol.200"
袁小珊,,,
杨采妮,,,
伊东纱治子,,,
叶丽娜,,,
袁冰妍,,,
玉城Tina,,,
杨晨晨,,,
伊织萌,,,
羽住,,,
袁洁莹,,,
艺正花,,,
叶彤,,,健身
颜丹晨,,,
叶梓萱,,,
亚里沙,,,TSDV-41458
軟妹搖搖樂,,,
雨宮留菜,,,
俞夏,,,
袁合荣,,,
雨瞳yoyo,,,
赵妍欢,,,
周娇,,,
杨上萱,,,
周韦彤,,,
张优,,,
赵惟依,,,
曾之乔,,,
张嘉倪,,,
张语昕,,,
"郑伊庭,Porima Cheng",,,
周妍希,,,
周于希,,,
张已桂,,,
周子瑜,,,
周大萌,,,
张宇婷,,,
张婉馨,,,
周宜诺,,,
张籽沐,,,
赵奕欢,,,
张维娜,,,
斋藤飞鸟,,,
真野惠里菜,,,
"郑稳雯,Candy糖糖",,,
"张慧敏,Lolita Cheng",,,
曾智希,,,
周晓涵,,,
仲村星虹,,,
朱可儿,,,[YouMi写真] 2019.12.24 Vol.392 朱可儿Flower
"赵宁宁,小隋棠",,,
"Tuangrat Chatsathavorn,ตวงรัตน์ ชาติสถาวร",,,
Ekaterina Shiryaeva,,,
Gemma Louise,,,
麻吉小兔子,,,
"台灣藤井LINA,BUBU布布酱->JKF,布布",,,[动感小站] 动感之星ShowTimeDancer No.275 布布
"不纯学妹,树屋灵灵",,live,
"夏羲瑶,潘霜霜",,,
闵雨晴,,,
azngoodgirl,OnlyFans,,
"izayoiRui,十六夜涙",OnlyFans ,,
"想入霏霏,doreenvirtue",SWAG,,
落落Raku,X,,
kitty2002102,OnlyFans ,,
Ammy Rouse,OnlyFans,TS,
imsocutesexy,,live,
,,,
,,,
,,,
,,,
,,,
,,,
,,,
,,,
,,,
,,,
,,,
,,,
,,,
,,,
,,,
,,,
,,,
,,,
,,,
,,,
,,,
,,,
,,,
,,,
,,,
,,,
,,,
,,,
,,,
,,,
,,,
,,,
,,,
,,,
,,,
,,,
,,,
,,,
,,,
,,,
,,,
,,,
,,,
,,,
,,,
,,,
,,,
,,,
,,,
,,,
,,,
,,,
,,,
,,,
,,,
,,,
,,,
,,,
,,,
,,,
,,,
,,,
,,,
,,,
,,,
,,,
,,,
,,,
,,,
,,,
,,,
,,,
,,,
,,,
,,,
,,,
,,,
,,,
,,,
,,,
,,,
,,,
,,,
,,,
,,,
,,,
,,,
,,,
,,,
,,,
,,,
,,,
,,,
,,,
,,,
,,,
,,,
,,,
,,,
,,,
,,,
,,,
,,,
,,,
,,,
,,,
,,,
,,,
,,,
,,,
,,,
,,,
,,,
,,,
,,,
,,,
,,,
,,,
,,,
,,,
,,,
,,,
,,,
,,,
,,,
,,,
,,,
,,,
,,,
,,,
,,,
,,,
,,,
,,,
,,,
,,,
,,,
,,,
,,,
,,,
,,,
,,,
,,,
,,,
,,,
,,,
,,,
,,,
,,,
,,,
,,,
,,,
,,,
,,,
,,,
,,,
,,,
,,,
,,,
,,,
,,,
,,,
,,,
,,,
,,,
,,,
,,,
,,,
,,,
,,,
,,,
,,,
,,,
,,,
,,,
,,,
,,,
,,,
,,,
,,,
,,,
,,,
,,,
,,,
,,,
,,,
,,,
,,,
,,,
,,,
,,,
,,,
,,,
,,,
,,,
,,,
,,,
,,,
,,,
,,,
,,,
,,,
,,,
,,,
,,,
,,,
,,,
,,,
,,,
,,,
,,,
,,,
,,,
,,,
,,,
,,,
,,,
,,,
,,,
,,,
,,,
,,,
,,,
,,,
,,,
,,,
,,,
,,,
,,,
,,,
,,,
,,,
,,,
,,,
,,,
,,,
,,,
,,,
,,,
,,,
,,,
,,,
,,,
,,,
,,,
,,,
,,,
,,,
,,,
,,,
,,,
,,,
,,,
,,,
,,,
,,,
,,,
,,,
,,,
,,,
,,,
,,,
,,,
,,,
,,,
,,,
,,,
,,,
,,,
,,,
,,,
,,,
,,,
,,,
,,,
,,,
,,,
,,,
,,,
,,,
,,,
,,,
,,,
,,,
,,,
,,,
,,,
,,,
,,,
,,,
,,,
,,,
,,,
,,,
,,,
,,,
,,,
,,,
,,,
,,,
,,,
,,,
,,,
,,,
,,,
,,,
,,,
,,,
,,,
,,,
,,,
,,,
,,,
,,,
,,,
,,,
,,,
,,,
,,,
,,,
,,,
,,,
,,,
,,,
,,,
,,,
,,,
,,,
,,,
,,,
,,,
,,,
,,,
,,,
,,,
,,,
,,,
,,,
,,,
,,,
,,,
,,,
,,,
,,,
,,,
,,,
,,,
,,,
,,,
,,,
,,,
,,,
,,,
,,,
,,,
,,,
,,,
,,,
,,,
,,,
,,,
,,,
,,,
,,,
,,,
,,,
,,,
,,,
,,,
,,,
,,,
,,,
,,,
,,,
,,,
,,,
,,,
,,,
